{
    "updateTime": 0.23458211,
    "mainPos": { "Lat": 37.779, "Lng": -122.434 },
    "mainZoom": 15,
    "mapType": "satellite",
    "mapRadius": 30,
    "heatData": [
        { "Lat": 37.782551, "Lng": -122.445368, "AP": 0.1 },
        { "Lat": 37.785745, "Lng": -122.443688, "AP": 0.1 },
        { "Lat": 37.779842, "Lng": -122.445815, "AP": 1 },
        { "Lat": 37.780992, "Lng": -122.442112, "AP": 0.1 }
    ]
}